{"order_id":604,"factory_id":3,"factory_street":"Rua da lenita","factory_number":"999999","factory_zipcode":"123123123","factory_phone":"123123123","factory_email":"email@example.com","fantasy_name":"fantasy-test","customer_id":6,"portage_id":23,"seller_id":8,"form_payment_id":1,"order_number":1,"url_pdf":"","buyer":"asd","shipping":"CIF","status":"Cotacao","expire_order":"2023-06-05T22:24:19.947529Z","factory_logo_url":"https://orders-confirmar.s3.sa-east-1.amazonaws.com/template_html/MidasLogoGestor.png","total":"-313.12","is_active":true,"factory_name":"Cleber","customer_name":"ENEL","portage_name":"showls","seller_name":"teste","seller_email":"asdokasjdipoasjk","customer_email":"vendas@enel.com.br","form_payment_name":"A Vista","created_at":"dd/mm/yyyy","ie":"123.123.123.123","zip_code":"123123123","street":"street","city":"city","state":"state","phone":"90999999","customer_cnpj":"123123123","factory_cnpj":"","items":[{"order_id":1,"product_id":1,"quantity":10,"price":"5.50","discount":"10.00","product_name":"Prego Telheiro","ipi":"5.00","description":"","code":"pg5512","total":"50.000,00"},{"order_id":2,"product_id":1,"quantity":10,"price":"5.50","discount":"10.00","product_name":"Prego Telheiro 2","ipi":"5.00","description":"","code":"pg5512","total":"49.50"},{"order_id":2,"product_id":1,"quantity":10,"price":"5.50","discount":"10.00","product_name":"Prego Telheiro 3","ipi":"5.00","description":"","code":"pg5512","total":"49.50"},{"order_id":2,"product_id":1,"quantity":10,"price":"5.50","discount":"10.00","product_name":"Prego Telheiro 3","ipi":"5.00","description":"","code":"pg5512","total":"49.50"},{"order_id":2,"product_id":1,"quantity":10,"price":"5.50","discount":"10.00","product_name":"Prego Telheiro 3","ipi":"5.00","description":"","code":"pg5512","total":"49.50"},{"order_id":2,"product_id":1,"quantity":10,"price":"5.50","discount":"10.00","product_name":"Prego Telheiro 3","ipi":"5.00","description":"","code":"pg5512","total":"49.50"},{"order_id":2,"product_id":1,"quantity":10,"price":"5.50","discount":"10.00","product_name":"Prego Telheiro 3","ipi":"5.00","description":"","code":"pg5512","total":"49.50"},{"order_id":2,"product_id":1,"quantity":10,"price":"5.50","discount":"10.00","product_name":"Prego Telheiro 3","ipi":"5.00","description":"","code":"pg5512","total":"49.50"},{"order_id":2,"product_id":1,"quantity":10,"price":"5.50","discount":"10.00","product_name":"Prego Telheiro 3","ipi":"5.00","description":"","code":"pg5512","total":"49.50"},{"order_id":2,"product_id":1,"quantity":10,"price":"5.50","discount":"10.00","product_name":"Prego Telheiro 3","ipi":"5.00","description":"","code":"pg5512","total":"49.50"},{"order_id":2,"product_id":1,"quantity":10,"price":"5.50","discount":"10.00","product_name":"Prego Telheiro 3","ipi":"5.00","description":"","code":"pg5512","total":"49.50"},{"order_id":2,"product_id":1,"quantity":10,"price":"5.50","discount":"10.00","product_name":"Prego Telheiro 3","ipi":"5.00","description":"","code":"pg5512","total":"49.50"},{"order_id":2,"product_id":1,"quantity":10,"price":"5.50","discount":"10.00","product_name":"Prego Telheiro 3","ipi":"5.00","description":"","code":"pg5512","total":"49.50"},{"order_id":2,"product_id":1,"quantity":10,"price":"5.50","discount":"10.00","product_name":"Prego Telheiro 3","ipi":"5.00","description":"","code":"pg5512","total":"49.50"},{"order_id":2,"product_id":1,"quantity":10,"price":"5.50","discount":"10.00","product_name":"Prego Telheiro 3","ipi":"5.00","description":"","code":"pg5512","total":"49.50"},{"order_id":2,"product_id":1,"quantity":10,"price":"5.50","discount":"10.00","product_name":"Prego Telheiro 3","ipi":"5.00","description":"","code":"pg5512","total":"49.50"},{"order_id":2,"product_id":1,"quantity":10,"price":"5.50","discount":"10.00","product_name":"Prego Telheiro 3","ipi":"5.00","description":"","code":"pg5512","total":"49.50"},{"order_id":2,"product_id":1,"quantity":10,"price":"5.50","discount":"10.00","product_name":"Prego Telheiro 3","ipi":"5.00","description":"","code":"pg5512","total":"49.50"},{"order_id":2,"product_id":1,"quantity":10,"price":"5.50","discount":"10.00","product_name":"Prego Telheiro 3","ipi":"5.00","description":"","code":"pg5512","total":"49.50"},{"order_id":2,"product_id":1,"quantity":10,"price":"5.50","discount":"10.00","product_name":"Prego Telheiro 3","ipi":"5.00","description":"","code":"pg5512","total":"49.50"},{"order_id":2,"product_id":1,"quantity":10,"price":"5.50","discount":"10.00","product_name":"Prego Telheiro 3","ipi":"5.00","description":"","code":"pg5512","total":"49.50"},{"order_id":2,"product_id":1,"quantity":10,"price":"5.50","discount":"10.00","product_name":"Prego Telheiro 3","ipi":"5.00","description":"","code":"pg5512","total":"49.50"},{"order_id":2,"product_id":1,"quantity":10,"price":"5.50","discount":"10.00","product_name":"Prego Telheiro 3","ipi":"5.00","description":"","code":"pg5512","total":"49.50"},{"order_id":2,"product_id":1,"quantity":10,"price":"5.50","discount":"10.00","product_name":"Prego Telheiro 3","ipi":"5.00","description":"","code":"pg5512","total":"49.50"}]}